,City,Cloudiness,Country,Date,Humidity,Lat,Lng,Max Temp,Wind Speed
0,Gorom-Gorom,100,BF,1604462328,26,14.44,-0.24,81.0,7.05
1,Avarua,100,CK,1604461833,78,-21.21,-159.78,75.2,26.22
2,Mataura,42,NZ,1604461798,55,-46.19,168.86,66.99,8.01
3,Mahébourg,40,MU,1604461587,64,-20.41,57.7,73.4,8.05
4,Sorong,100,ID,1604462328,81,-0.88,131.25,82.36,11.39
5,Tuatapere,33,NZ,1604461580,55,-46.13,167.68,66.99,8.01
6,Araouane,83,ML,1604461842,17,18.9,-3.53,78.53,8.7
7,Thompson,90,CA,1604461837,100,55.74,-97.86,23.0,2.24
8,Cayenne,75,GF,1604462329,100,4.93,-52.33,77.0,2.24
9,Hobart,0,AU,1604462178,34,-42.88,147.33,68.0,24.16
10,Pilar,75,BR,1604462329,88,-9.6,-35.96,77.0,4.7
11,Ziniaré,95,BF,1604462329,50,12.58,-1.3,75.2,5.35
12,Jamestown,1,US,1604462329,69,42.1,-79.24,43.0,8.05
13,Port Alfred,97,ZA,1604462329,87,-33.59,26.89,68.7,7.02
14,Saint Anthony,1,US,1604462329,41,45.02,-93.22,62.6,5.82
15,Cape Town,0,ZA,1604462329,72,-33.93,18.42,66.2,13.87
16,Yellowknife,90,CA,1604462330,84,62.46,-114.35,5.0,6.93
17,Apache Junction,40,US,1604462330,21,33.42,-111.55,82.4,6.93
18,Vila Franca do Campo,75,PT,1604462330,77,37.72,-25.43,59.0,6.93
19,Ancud,90,CL,1604462298,100,-41.87,-73.82,52.0,12.75
20,Shenjiamen,89,CN,1604462330,58,29.96,122.3,60.87,11.32
21,Vaini,40,TO,1604462330,78,-21.2,-175.2,78.8,24.58
22,Bambous Virieux,40,MU,1604462330,64,-20.34,57.76,73.4,8.05
23,Husavik,0,IS,1604462330,56,66.04,-17.34,42.8,21.92
24,New Norfolk,0,AU,1604462330,34,-42.78,147.06,68.0,24.16
25,Rawson,91,AR,1604462330,53,-43.3,-65.1,66.69,11.36
26,Villaviciosa,65,ES,1604462330,88,43.48,-5.44,48.99,3.89
27,Soyo,63,AO,1604462331,86,-6.13,12.37,78.1,8.34
28,Asău,95,RO,1604462331,97,46.43,26.4,45.0,2.44
29,Hong Kong,28,HK,1604462174,47,22.29,114.16,78.01,5.99
30,Nanortalik,100,GL,1604461564,93,60.14,-45.24,36.97,20.13
31,Bathsheba,40,BB,1604461908,74,13.22,-59.52,80.6,18.34
32,Tuktoyaktuk,90,CA,1604461841,85,69.45,-133.04,12.2,12.75
33,Ribeira Grande,70,PT,1604461787,65,38.52,-28.7,61.63,12.24
34,Xinpu,0,CN,1604462331,30,34.6,119.16,60.82,6.46
35,Chulumani,87,BO,1604462331,76,-16.41,-67.53,61.09,0.87
36,Palmer,75,US,1604461507,79,42.16,-72.33,28.0,0.92
37,Hilo,40,US,1604461792,69,19.73,-155.09,82.4,6.93
38,Calbiga,100,PH,1604462332,73,11.62,125.02,84.65,4.63
39,Bengkulu,80,ID,1604461910,67,-3.8,102.27,83.75,5.28
40,Broome,1,US,1604461970,93,42.25,-75.83,32.0,5.82
41,Adrar,0,MR,1604461797,20,20.5,-10.07,76.78,9.19
42,Nikolskoye,75,RU,1604461799,87,59.7,30.79,46.4,6.71
43,Sioux Lookout,5,CA,1604461880,100,50.1,-91.92,28.4,3.53
44,Upernavik,100,GL,1604461558,96,72.79,-56.15,18.32,13.4
45,French Harbor,90,HN,1604462332,100,16.35,-86.43,78.8,17.22
46,Kenai,1,US,1604461944,40,60.55,-151.26,17.6,5.41
47,Albany,9,US,1604461788,80,42.6,-73.97,32.0,2.06
48,Cabo San Lucas,5,MX,1604461793,83,22.89,-109.91,78.01,2.24
49,Puerto Ayora,80,EC,1604461499,95,-0.74,-90.35,68.0,8.01
50,Pāliyād,0,IN,1604462388,22,22.25,71.57,83.73,7.27
51,Eureka,75,US,1604461642,93,40.8,-124.16,54.0,4.7
52,Tangjiazhuang,0,CN,1604462388,33,39.73,118.45,56.57,9.46
53,Santa Maria,0,BR,1604461831,82,-29.68,-53.81,59.0,6.93
54,Novy Urengoy,100,RU,1604462388,98,66.08,76.63,22.75,6.91
55,Bluff,5,NZ,1604461796,55,-46.6,168.33,66.99,8.01
56,Abu Samrah,100,SY,1604462030,76,35.3,37.18,61.72,10.94
57,Nishihara,75,JP,1604461721,43,26.18,127.76,75.2,21.92
58,Hermanus,81,ZA,1604462389,90,-34.42,19.23,66.0,3.0
59,Bulawayo,91,ZW,1604462389,75,-20.15,28.58,66.0,6.76
60,Northam,4,GB,1604462389,97,51.03,-4.22,44.01,7.18
61,Zhuhai,20,CN,1604462144,64,22.28,113.57,81.0,10.29
62,Sitka,75,US,1604461842,93,57.05,-135.33,35.6,10.29
63,Kyshtovka,96,RU,1604462389,90,56.55,76.63,29.93,15.46
64,Kutum,1,SD,1604462389,30,14.2,24.67,65.37,12.62
65,Altar,100,MX,1604462389,41,30.7,-111.82,71.01,2.01
66,South Venice,20,US,1604462390,77,27.05,-82.42,68.0,8.05
67,East London,75,ZA,1604461796,93,-33.02,27.91,66.2,6.93
68,Katsuura,20,JP,1604461874,39,35.13,140.3,64.0,5.82
69,Amarillo,1,US,1604462266,47,35.22,-101.83,59.0,14.99
70,Atuona,39,PF,1604461799,75,-9.8,-139.03,78.37,19.89
71,Dikson,0,RU,1604461834,92,73.51,80.55,2.12,7.36
72,Saint George,1,US,1604461630,35,37.1,-113.58,69.8,4.7
73,Xining,100,CN,1604462390,56,36.62,101.77,42.51,2.51
74,Igrim,100,RU,1604461903,84,63.19,64.42,35.94,13.47
75,Chokurdakh,0,RU,1604461849,81,70.63,147.92,-16.87,2.53
76,Tilichiki,100,RU,1604461913,100,60.47,166.1,35.46,21.18
77,Qaanaaq,76,GL,1604461804,79,77.48,-69.36,-1.77,1.77
78,Longyearbyen,75,SJ,1604461811,74,78.22,15.64,30.2,18.34
79,Klaksvík,93,FO,1604461850,65,62.23,-6.59,44.6,13.87
80,Port Keats,100,AU,1604462391,57,-14.25,129.55,90.0,13.33
81,Saint Andrews,1,US,1604462391,81,34.05,-81.13,46.4,2.39
82,Saint Paul Harbor,1,US,1604461859,42,57.79,-152.41,26.6,5.82
83,Rikitea,18,PF,1604461614,81,-23.12,-134.97,72.7,18.95
84,Mugango,20,TZ,1604462391,82,-1.68,33.7,68.0,7.7
85,Macroom,20,IE,1604462391,86,51.9,-8.95,39.2,5.82
86,Abu Dhabi,0,AE,1604461909,73,24.47,54.37,73.4,1.12
87,Luanda,75,AO,1604461848,83,-8.84,13.23,78.8,4.7
88,Busselton,67,AU,1604461594,33,-33.65,115.33,73.99,7.4
89,Øksfjord,0,NO,1604462392,69,70.24,22.35,41.0,19.46
90,Tasiilaq,100,GL,1604461836,96,65.61,-37.64,32.0,32.21
91,Iqaluit,20,CA,1604461709,78,63.75,-68.51,10.4,19.46
92,Ambanja,75,MG,1604462392,77,-13.68,48.45,78.8,2.24
93,Royan,89,FR,1604462392,74,45.63,-1.03,41.0,2.24
94,Ushuaia,75,AR,1604462294,66,-54.8,-68.3,50.0,12.75
95,Hithadhoo,97,MV,1604461797,72,-0.6,73.08,83.44,8.55
96,Malakal,59,SS,1604461918,73,9.53,31.66,76.84,2.98
97,Orapa,100,BW,1604462393,68,-21.28,25.37,70.74,9.17
98,Punta Arenas,90,CL,1604462235,93,-53.15,-70.92,44.6,13.87
99,Vila Velha,75,BR,1604461873,82,-20.33,-40.29,69.01,3.36
100,Ahvāz,0,IR,1604462448,55,31.32,48.67,62.6,4.7
101,Nome,75,US,1604461918,73,64.5,-165.41,25.0,16.11
102,Kokoda,100,PG,1604462448,66,-8.88,147.74,83.88,1.41
103,Shangrao,39,CN,1604462448,49,28.45,117.97,63.32,10.74
104,Leningradskiy,18,RU,1604461843,84,69.38,178.42,3.94,11.01
105,Isangel,100,VU,1604461854,79,-19.55,169.27,76.73,9.08
106,Sistranda,75,NO,1604462449,87,63.73,8.83,42.8,25.28
107,Kuching,40,MY,1604461875,79,1.55,110.33,84.2,3.36
108,Ilulissat,100,GL,1604462449,86,69.22,-51.1,33.8,16.11
109,Faanui,100,PF,1604461906,80,-16.48,-151.75,79.61,15.93
110,Sola,89,VU,1604462449,78,-13.88,167.55,81.72,13.18
111,Calvinia,41,ZA,1604462450,66,-31.47,19.78,60.37,2.06
112,Nizhniy Tsasuchey,3,RU,1604462450,86,50.52,115.13,32.22,11.52
113,Crotone,99,IT,1604462370,75,39.09,17.12,61.92,3.13
114,Teknāf,100,BD,1604462450,89,20.86,92.31,77.72,10.89
115,Beringovskiy,89,RU,1604462427,86,63.05,179.32,24.96,9.44
116,Torbay,90,CA,1604462451,93,47.67,-52.73,43.0,9.17
117,Rio Grande,2,BR,1604461706,87,-32.03,-52.1,52.0,14.5
118,Sakaiminato,75,JP,1604462451,41,35.55,133.23,59.0,17.22
119,Maragogi,33,BR,1604462451,83,-9.01,-35.22,76.77,8.21
120,Biltine,0,TD,1604462452,23,14.53,20.92,77.43,20.29
121,Naze,40,JP,1604461856,49,28.37,129.48,73.4,14.99
122,Phan Thiet,84,VN,1604462007,68,10.93,108.1,84.52,3.09
123,Chui,0,UY,1604462452,79,-33.7,-53.46,54.46,8.16
124,Saint-Augustin,28,CA,1604462010,78,51.23,-58.65,24.76,14.07
125,Krasnoarmeysk,99,RU,1604462452,73,51.02,45.7,43.0,5.01
126,Esim,36,GH,1604462452,88,4.87,-2.24,77.5,5.46
127,Goundam,100,ML,1604462452,16,16.41,-3.67,81.72,5.44
128,Bredasdorp,50,ZA,1604462453,88,-34.53,20.04,66.2,3.36
129,Minot,1,US,1604462453,37,48.23,-101.3,51.8,11.41
130,Bilma,0,NE,1604461952,24,18.69,12.92,69.04,8.41
131,Bodden Town,40,KY,1604461890,94,19.28,-81.25,80.01,8.05
132,Plettenberg Bay,100,ZA,1604462453,88,-34.05,23.37,66.27,2.66
133,Deputatsky,12,RU,1604461879,87,69.3,139.9,-13.83,2.08
134,Tura,0,IN,1604461817,51,25.52,90.22,77.67,2.62
135,Boa Vista,20,BR,1604461710,69,2.82,-60.67,82.4,3.36
136,Parsons,1,US,1604462454,50,37.34,-95.26,57.2,6.93
137,Champerico,94,GT,1604462032,94,14.3,-91.92,69.01,4.9
138,Hasaki,20,JP,1604462454,33,35.73,140.83,64.0,16.11
139,Ushtobe,25,KZ,1604462454,62,45.25,77.98,41.86,11.3
140,Topaowan,51,CN,1604462455,40,30.67,112.69,63.91,5.53
141,Requena,100,ES,1604462455,99,39.49,-1.1,51.01,4.99
142,Geraldton,31,AU,1604461869,28,-28.77,114.6,82.4,13.87
143,Kapaa,40,US,1604462296,83,22.08,-159.32,80.6,11.41
144,Alyangula,100,AU,1604462456,41,-13.85,136.42,95.0,12.75
145,Muros,2,ES,1604462456,94,42.78,-9.06,42.01,9.64
146,Beyneu,95,KZ,1604462456,38,45.32,55.2,54.66,18.1
147,Shache,0,CN,1604462456,36,38.42,77.24,53.33,3.89
148,San Borja,20,BO,1604462457,59,-14.82,-66.85,75.72,2.57
149,Chico,5,US,1604461826,30,39.73,-121.84,66.2,5.82
150,Constitución,0,CL,1604462508,69,-35.33,-72.42,54.43,12.41
151,Ishigaki,75,JP,1604462508,57,24.34,124.16,77.0,25.28
152,Khatanga,92,RU,1604462302,93,71.97,102.5,-0.18,6.58
153,Vysokogornyy,100,RU,1604462509,87,50.12,139.15,19.6,14.29
154,Vostok,40,RU,1604462509,84,46.49,135.88,21.69,14.5
155,Hervey Bay,49,AU,1604462257,57,-25.3,152.85,78.01,4.0
156,Ahipara,100,NZ,1604462509,80,-35.17,173.17,66.18,12.55
157,Siguiri,92,GN,1604461923,47,11.67,-9.5,76.23,1.83
158,Hamilton,1,US,1604461865,57,39.18,-84.53,48.99,8.05
159,Aketi,69,CD,1604462510,97,2.74,23.78,70.02,0.2
160,Touros,40,BR,1604461971,83,-5.2,-35.46,78.8,8.05
161,Port Lincoln,100,AU,1604462510,57,-34.73,135.87,59.2,16.2
162,Rengo,90,CL,1604462510,68,-34.42,-70.87,64.4,6.93
163,Butaritari,83,KI,1604462378,72,3.07,172.79,81.66,16.08
164,Port Macquarie,10,AU,1604461930,48,-31.43,152.92,79.0,1.99
165,Distrikt Brokopondo,83,SR,1604462510,82,4.75,-55.17,78.75,9.44
166,San Cristobal,99,VE,1604461966,93,7.77,-72.22,67.24,1.9
167,Guerrero Negro,0,MX,1604462511,77,27.98,-114.06,69.33,10.8
168,Lebu,78,CL,1604462330,82,-37.62,-73.65,53.44,3.85
169,Cherskiy,0,RU,1604462511,84,68.75,161.3,-5.8,4.59
170,Marabu,40,MY,1604461919,74,4.41,114.01,86.0,8.05
171,Talnakh,0,RU,1604461916,83,69.49,88.4,-9.4,2.24
172,Carnarvon,0,AU,1604462299,57,-24.87,113.63,80.6,18.34
173,Baicheng,0,CN,1604462512,52,45.62,122.82,38.64,10.74
174,Baghdad,8,IQ,1604462463,63,33.34,44.4,60.8,1.12
175,Bucksport,0,US,1604462512,71,44.57,-68.8,30.99,8.01
176,Río Gallegos,75,AR,1604462512,93,-51.62,-69.22,44.6,9.17
177,Sur,0,OM,1604461913,27,22.57,59.53,77.25,3.31
178,Valparaíso,90,CL,1604462380,93,-33.04,-71.63,53.6,4.7
179,Saint-Félicien,20,CA,1604462512,78,48.65,-72.45,15.8,8.05
180,Gwadar,0,PK,1604462513,51,25.12,62.33,75.61,4.81
181,Nassau,90,US,1604462513,52,40.75,-73.58,44.6,6.93
182,Bethel,75,US,1604462294,74,41.37,-73.41,33.8,2.51
183,Broken Hill,40,AU,1604462513,44,-31.95,141.43,77.0,5.82
184,Alta Floresta,37,BR,1604462393,84,-9.88,-56.09,73.15,2.1
185,Kupang,12,ID,1604462513,52,-10.17,123.58,89.04,7.72
186,Gizo Government Station,100,SB,1604462513,73,-8.1,156.84,85.15,10.51
187,Staryy Nadym,100,RU,1604462513,99,65.61,72.68,27.95,5.7
188,Kaitangata,5,NZ,1604462514,73,-46.28,169.85,64.0,7.0
189,Barrow,90,US,1604462294,85,71.29,-156.79,14.0,12.75
190,George Town,20,MY,1604462514,78,5.41,100.34,82.4,2.24
191,Terney,0,RU,1604462395,63,45.05,136.61,36.57,11.01
192,Castro,47,BR,1604462300,95,-24.79,-50.01,52.43,7.72
193,Codrington,79,AU,1604462514,73,-38.27,141.97,57.42,15.64
194,Saskylakh,99,RU,1604462514,91,71.92,114.08,-3.35,3.11
195,Killarney,0,IE,1604462515,86,52.05,-9.52,39.09,2.57
196,Port Hedland,0,AU,1604462515,39,-20.32,118.57,96.8,12.75
197,Kirakira,100,SB,1604462515,70,-10.45,161.92,84.51,7.07
198,Hay River,99,CA,1604462404,78,60.82,-115.8,15.8,5.82
199,Ponta do Sol,75,PT,1604462515,72,32.67,-17.1,62.6,18.34
200,Norman Wells,75,CA,1604462351,84,65.28,-126.83,-2.2,4.7
201,Turan,75,VN,1604462363,78,16.07,108.22,78.8,9.17
202,Colonia Carlos Antonio López,0,PY,1604462568,65,-26.4,-54.77,63.05,2.73
203,Talcahuano,64,CL,1604462415,87,-36.72,-73.12,53.6,6.93
204,Kumluca,21,TR,1604462568,52,36.37,30.29,64.06,7.38
205,Salalah,0,OM,1604462323,56,17.02,54.09,71.6,2.24
206,Sabang,72,ID,1604462568,72,5.89,95.32,81.77,4.23
207,Kikwit,100,CD,1604462569,97,-5.04,18.82,70.39,0.49
208,Cidreira,1,BR,1604462529,78,-30.18,-50.21,60.73,10.65
209,Kieta,90,PG,1604462417,73,-6.22,155.63,84.69,6.13
210,Kununurra,97,AU,1604462569,31,-15.77,128.73,100.4,9.17
211,Domoni,3,KM,1604462569,68,-12.26,44.53,76.98,2.42
212,Skole,100,UA,1604462569,96,49.04,23.51,55.0,8.99
213,Saint-Philippe,0,RE,1604462569,50,-21.36,55.77,75.2,11.41
214,Yumen,40,CN,1604462328,38,40.28,97.2,50.04,15.7
215,Los Llanos de Aridane,75,ES,1604462570,83,28.66,-17.92,69.8,9.17
216,Sinnamary,88,GF,1604462570,88,5.38,-52.95,78.87,10.36
217,Severo-Kuril'sk,24,RU,1604462448,72,50.68,156.12,41.34,15.28
218,Ndola,89,ZM,1604462570,75,-12.96,28.64,63.81,4.5
219,Esperance,90,AU,1604462570,67,-33.87,121.9,62.6,17.22
220,Yulara,68,AU,1604462471,23,-25.24,130.99,93.2,10.29
221,Luancheng,0,CN,1604462570,32,37.88,114.65,55.4,2.24
222,Xai-Xai,27,MZ,1604462570,74,-25.05,33.64,72.37,7.09
223,Baraki Barak,0,AF,1604462571,38,33.97,68.95,49.53,3.0
224,Mar del Plata,40,AR,1604462538,87,-38.0,-57.56,60.01,11.41
225,Coquimbo,90,CL,1604462275,100,-29.95,-71.34,53.6,4.7
226,Hudson Bay,21,CA,1604462571,87,52.85,-102.38,36.5,2.19
227,Caravelas,94,BR,1604462571,84,-17.71,-39.25,68.74,1.95
228,Khor,0,RU,1604462571,76,47.89,134.95,29.46,19.95
229,Lakatoro,97,VU,1604462571,74,-16.1,167.42,80.8,8.23
230,Portland,90,US,1604462099,93,45.52,-122.68,60.01,5.82
231,Sangar,0,RU,1604462515,89,63.92,127.47,0.03,3.8
232,Miraflores,5,MX,1604462571,54,19.22,-98.81,57.2,13.87
233,Sri Aman,40,MY,1604461976,79,1.24,111.46,84.2,1.12
234,Galveston,1,US,1604462398,52,29.37,-94.97,69.01,8.05
235,Marfino,75,RU,1604462572,93,55.7,37.38,46.4,6.71
236,Aktobe,0,KZ,1604462572,85,50.28,57.21,23.0,4.47
237,Walvis Bay,0,NA,1604462572,100,-22.96,14.51,57.0,5.82
238,Waitara,99,NZ,1604462572,81,-38.92,174.25,70.0,8.99
239,Alzey,59,DE,1604462504,73,49.75,8.12,45.0,4.56
240,St. George's,20,GD,1604461897,74,12.06,-61.75,82.4,14.99
241,Berlevåg,0,NO,1604462572,70,70.86,29.09,40.75,18.14
242,Latur,0,IN,1604462572,42,18.4,76.58,77.0,7.96
243,Sawankhalok,20,TH,1604462573,74,17.32,99.83,82.4,2.24
244,Martinsville,1,US,1604462573,100,36.69,-79.87,45.0,3.65
245,Amapá,99,BR,1604462573,98,1.0,-52.0,73.83,1.07
246,Pevek,22,RU,1604462573,89,69.7,170.31,-1.61,10.13
247,Dunda,2,TZ,1604462573,59,-8.12,34.25,64.51,1.66
248,Karlskoga,58,SE,1604462573,93,59.33,14.52,43.0,10.29
249,West Bay,40,KY,1604462573,94,19.37,-81.42,80.01,8.05
250,Ust-Nera,100,RU,1604462154,81,64.57,143.2,2.7,7.18
251,Provideniya,9,RU,1604462419,88,64.38,-173.3,17.55,3.67
252,Riohacha,99,CO,1604462329,85,11.54,-72.91,78.55,5.08
253,Port Elizabeth,75,ZA,1604462404,88,-33.92,25.57,66.2,9.17
254,Manali,75,IN,1604462628,100,13.17,80.27,78.8,8.05
255,Saint-Raphaël,100,HT,1604462628,88,19.43,-72.2,70.88,1.68
256,Ketchikan,90,US,1604462614,86,55.34,-131.65,39.2,4.68
257,Peceneaga,0,RO,1604462629,93,45.02,28.13,45.0,6.93
258,Mount Isa,8,AU,1604462629,15,-20.73,139.5,100.4,4.7
259,Haines Junction,99,CA,1604462629,84,60.75,-137.51,-0.4,2.24
260,Necochea,83,AR,1604462543,75,-38.55,-58.74,59.0,18.01
261,Atambua,77,ID,1604462629,42,-9.11,124.89,89.82,2.8
262,Huittinen,90,FI,1604462629,93,61.18,22.7,42.8,8.05
263,Cologne,20,DE,1604462629,93,50.93,6.95,44.01,2.24
264,Kadoma,20,JP,1604462629,44,34.73,135.58,60.8,5.82
265,Bonavista,51,CA,1604462629,72,48.65,-53.11,41.0,1.12
266,College,20,US,1604462630,68,64.86,-147.8,-20.2,0.98
267,Lompoc,90,US,1604462593,93,34.64,-120.46,57.2,3.36
268,Itaguaí,75,BR,1604462630,93,-22.85,-43.78,66.2,2.13
269,Kruisfontein,100,ZA,1604462630,93,-34.0,24.73,66.99,5.17
270,Ulladulla,0,AU,1604462630,20,-35.35,150.47,87.8,10.29
271,Florida,1,US,1604462630,71,28.75,-82.5,57.2,4.7
272,Qarayeri,90,AZ,1604462630,100,40.79,46.31,55.4,2.15
273,Laramie,1,US,1604462630,39,41.31,-105.59,53.01,10.29
274,Poum,100,NC,1604462627,78,-20.23,164.02,77.27,7.54
275,Ugoofaaru,12,MV,1604462630,70,5.67,73.0,82.13,5.3
276,Arlit,97,NE,1604462609,22,18.74,7.39,72.14,5.44
277,Lorengau,91,PG,1604462631,75,-2.02,147.27,84.67,6.17
278,Sisimiut,100,GL,1604462631,97,66.94,-53.67,32.23,61.85
279,Sandwick,96,GB,1604462631,81,60.0,-1.25,44.6,26.4
280,Iwanai,100,JP,1604462631,83,42.97,140.51,37.0,21.9
281,Kokstad,11,ZA,1604462631,62,-30.55,29.42,61.02,3.96
282,Karratha,0,AU,1604462631,27,-20.74,116.85,93.63,11.68
283,Tallahassee,1,US,1604462554,81,30.44,-84.28,48.99,4.09
284,Cap Malheureux,33,MU,1604462631,82,-19.98,57.61,69.01,5.01
285,Noumea,100,NC,1604462392,73,-22.28,166.46,77.0,10.29
286,Savannah Bight,100,HN,1604462632,81,16.45,-85.85,82.26,30.27
287,Petropavlovsk-Kamchatskiy,44,RU,1604462475,76,53.05,158.65,50.0,15.66
288,Tiksi,100,RU,1604462569,95,71.69,128.87,7.34,5.46
289,Buta,38,CD,1604462632,97,2.79,24.73,68.86,0.83
290,Lindenberg,84,DE,1604462632,88,49.38,8.1,46.0,3.18
291,Otane,100,NZ,1604462632,55,-39.88,176.63,74.57,4.88
292,Tessalit,91,ML,1604462528,21,20.2,1.01,72.84,10.74
293,Balotra,0,IN,1604462632,21,25.83,72.23,80.35,3.22
294,Avera,1,US,1604462542,93,33.19,-82.53,44.6,2.71
295,Teahupoo,75,PF,1604462633,69,-17.83,-149.27,82.4,14.99
296,Alice Springs,0,AU,1604462480,6,-23.7,133.88,100.4,11.41
297,Floriano,100,BR,1604462633,92,-6.77,-43.02,74.01,1.99
298,Miyang,100,CN,1604462633,75,24.4,103.44,53.4,3.13
299,Udachny,75,RU,1604462633,84,66.42,112.4,1.4,2.24
300,São Félix do Xingu,98,BR,1604462688,96,-6.64,-51.99,71.44,1.68
301,Sokur,90,RU,1604462688,92,55.21,83.32,28.4,13.42
302,Beloha,0,MG,1604462631,57,-25.17,45.05,77.95,5.35
303,Hualmay,20,PE,1604462688,84,-11.1,-77.61,61.9,6.96
304,Leshukonskoye,91,RU,1604462688,89,64.9,45.76,43.29,9.89
305,Varhaug,13,NO,1604462644,97,58.61,5.65,41.0,15.75
306,Narsaq,100,GL,1604462625,80,60.92,-46.05,35.6,16.11
307,Itaituba,89,BR,1604462689,91,-4.28,-55.98,76.33,1.23
308,Ola,100,RU,1604462689,95,59.58,151.28,33.73,3.02
309,Tokmak,46,UA,1604462689,89,47.25,35.71,48.6,7.85
310,Cabedelo,40,BR,1604462650,83,-6.98,-34.83,78.8,4.7
311,Yabrūd,40,SY,1604462689,82,33.97,36.66,55.4,11.41
312,Labuhan,62,ID,1604462689,64,-6.88,112.21,86.86,7.85
313,Poso,99,ID,1604462689,64,-1.4,120.75,86.43,3.69
314,Vestmannaeyjar,100,IS,1604462546,91,63.44,-20.27,44.96,18.61
315,Sayyan,0,YE,1604462690,39,15.17,44.32,50.61,3.38
316,Airai,98,TL,1604462570,35,-8.93,125.41,82.27,6.13
317,Kahului,40,US,1604462403,66,20.89,-156.47,84.2,17.22
318,Wainwright,100,CA,1604462404,72,52.84,-110.86,35.6,1.12
319,Ouro Fino,32,BR,1604462690,89,-22.28,-46.37,57.13,2.62
320,Anadyr,0,RU,1604462403,78,64.75,177.48,8.6,6.71
321,Mt. Pleasant,1,US,1604462402,87,32.79,-79.86,48.99,3.04
322,Pisco,0,PE,1604462574,82,-13.7,-76.22,62.6,5.82
323,Jalu,0,LY,1604462381,86,29.03,21.55,58.66,5.77
324,Umm Kaddadah,20,SD,1604462691,24,13.6,26.69,74.64,21.65
325,Arawa,87,PG,1604462691,73,-6.21,155.54,84.94,5.14
326,Road Town,58,VG,1604462531,80,18.42,-64.62,81.0,17.0
327,Egvekinot,0,RU,1604462634,78,66.32,-179.17,6.21,3.02
328,Ayabaca,51,PE,1604462691,89,-4.64,-79.71,50.02,3.38
329,Shakhtinsk,90,KZ,1604462691,68,49.71,72.59,24.8,2.24
330,Talaya,100,RU,1604462691,93,61.38,152.75,7.9,9.04
331,San Patricio,1,US,1604462579,100,28.02,-97.52,66.99,3.36
332,Neiafu,40,TO,1604462691,74,-18.65,-173.98,80.6,12.75
333,Marystown,100,CA,1604462691,100,47.17,-55.15,37.99,18.79
334,Padang,100,ID,1604462457,66,-0.95,100.35,82.04,1.66
335,Zheleznodorozhnyy,90,RU,1604462692,93,55.75,38.0,46.4,4.47
336,Saldanha,46,ZA,1604462573,93,-33.01,17.94,59.0,5.82
337,Grand-Santi,83,GF,1604462692,97,4.25,-54.38,73.42,2.77
338,Olafsvik,100,IS,1604462590,94,64.89,-23.71,45.66,27.72
339,Aden,5,YE,1604462692,68,12.78,45.04,80.19,11.74
340,Mandalgovi,0,MN,1604462692,68,45.76,106.27,34.43,8.3
341,Itoman,75,JP,1604462692,56,26.12,127.67,73.4,24.16
342,Arraial do Cabo,100,BR,1604462305,86,-22.97,-42.03,67.41,15.73
343,Ţahţā,0,EG,1604462692,59,26.77,31.5,66.2,6.93
344,Kushiro,75,JP,1604462595,42,42.98,144.37,44.6,17.22
345,Lavrentiya,0,RU,1604462646,85,65.58,-171.0,15.51,9.19
346,Cartagena,40,CO,1604462403,100,10.4,-75.51,80.6,2.35
347,Ngunguru,100,NZ,1604462626,88,-35.62,174.5,68.0,10.0
348,Maningrida,100,AU,1604462693,43,-12.07,134.27,91.92,7.85
349,Kavieng,100,PG,1604462393,70,-2.57,150.8,85.62,4.72
350,Hvolsvollur,100,IS,1604462748,98,63.75,-20.22,42.01,14.0
351,Pasni,0,PK,1604462748,32,25.26,63.47,76.86,8.52
352,Knysna,75,ZA,1604462748,93,-34.04,23.05,64.4,2.24
353,Killybegs,65,IE,1604462748,96,54.63,-8.45,37.99,1.01
354,Acapulco de Juárez,5,MX,1604462385,88,16.86,-99.89,80.6,4.7
355,Turka,99,UA,1604462749,96,49.15,23.03,55.0,8.99
356,La Palma,1,US,1604462623,72,33.85,-118.05,66.2,2.35
357,Lima,0,PE,1604462669,82,-12.04,-77.03,62.6,9.17
358,Katobu,100,ID,1604462749,52,-4.94,122.53,90.3,7.67
359,Beira,75,MZ,1604462626,88,-19.84,34.84,73.4,3.36
360,Lata,0,PT,1604462685,78,40.16,-8.33,52.0,7.83
361,Itarema,70,BR,1604462749,79,-2.92,-39.92,80.06,10.67
362,Mahibadhoo,98,MV,1604462749,65,3.78,72.97,83.71,2.13
363,Fortuna,75,US,1604462568,100,40.6,-124.16,54.0,6.93
364,Hamamatsu,0,JP,1604462749,48,34.7,137.73,62.01,11.99
365,Aykhal,75,RU,1604462749,84,66.0,111.5,1.4,2.24
366,São João da Barra,62,BR,1604462427,74,-21.64,-41.05,70.86,13.69
367,Casa Nova,75,BR,1604462750,74,-9.42,-41.13,80.6,5.82
368,Seoul,1,KR,1604462583,17,37.57,126.98,48.2,4.7
369,Dingle,100,PH,1604462750,77,11.0,122.67,84.29,3.38
370,Hunchun,0,CN,1604462750,47,42.87,130.36,41.7,16.51
371,Avanigadda,2,IN,1604462750,74,16.02,80.92,86.0,4.7
372,Cairns,70,AU,1604462750,38,-16.92,145.77,90.0,17.22
373,Lagos,40,NG,1604462750,100,6.58,3.75,77.0,2.42
374,Andenes,98,NO,1604462508,86,69.31,16.12,43.0,19.46
375,Zhangjiakou,0,CN,1604462750,45,40.81,114.88,45.57,2.8
376,Deniliquin,100,AU,1604462751,44,-35.53,144.97,78.3,11.12
377,Campbellsville,1,US,1604462751,61,37.34,-85.34,50.0,6.69
378,Souillac,40,MU,1604462690,64,-20.52,57.52,73.4,8.05
379,Juli,73,PE,1604462751,82,-16.22,-69.45,42.31,7.45
380,Kismayo,46,SO,1604462512,79,-0.36,42.55,79.88,10.69
381,Mossamedes,0,AO,1604462588,70,-15.2,12.15,67.6,7.78
382,Mildura,90,AU,1604462751,68,-34.2,142.15,71.01,11.41
383,Nālūt,7,LY,1604462751,53,30.33,10.85,59.0,10.04
384,Pidhorodne,75,UA,1604462752,93,48.58,35.11,44.6,11.18
385,Saint-Pierre,0,RE,1604462752,50,-21.34,55.48,75.2,11.41
386,Mweka,100,CD,1604462752,100,-4.85,21.57,68.83,0.43
387,Bonthe,9,SL,1604462752,86,7.53,-12.51,78.21,2.46
388,Milín,99,CZ,1604462752,99,49.63,14.05,46.0,4.43
389,Rocha,0,UY,1604462752,91,-34.48,-54.33,49.98,4.76
390,Wajima,75,JP,1604462752,93,37.4,136.9,46.4,5.82
391,Mumford,6,GH,1604462752,87,5.26,-0.76,78.66,7.56
392,Taft,0,IR,1604462753,22,31.75,54.21,53.6,6.93
393,Campbell River,90,CA,1604462753,100,50.02,-125.24,50.0,10.29
394,Tosya,100,TR,1604462753,59,41.02,34.04,44.46,2.46
395,Ginda,0,IN,1604462753,30,30.69,78.49,63.19,2.98
396,Angoche,6,MZ,1604462753,74,-16.23,39.91,77.32,7.63
397,Bairiki Village,20,KI,1604462569,55,1.33,172.98,87.8,14.99
398,Senneterre,90,CA,1604462753,92,48.38,-77.23,23.0,11.41
399,Innisfail,6,AU,1604462753,36,-17.53,146.03,82.99,5.01
400,Ust'-Koksa,82,RU,1604462808,87,50.27,85.61,25.41,4.07
401,Alofi,75,NU,1604462588,74,-19.06,-169.92,78.8,21.92
402,Kasongo-Lunda,100,CD,1604462808,94,-6.47,16.82,71.13,2.08
403,Nabire,98,ID,1604462808,63,-3.37,135.48,84.09,11.25
404,Doka,0,SD,1604462656,43,13.52,35.77,73.87,2.91
405,Salinópolis,96,BR,1604462593,84,-0.61,-47.36,79.92,10.27
406,Aklavik,94,CA,1604462607,84,68.22,-135.01,5.0,4.7
407,Mchinji,0,MW,1604462808,50,-13.8,32.88,68.74,6.71
408,Christchurch,0,NZ,1604462809,56,-43.53,172.63,69.8,16.11
409,Fairburn,1,US,1604462809,53,33.57,-84.58,51.8,3.36
410,Jishou,85,CN,1604462809,48,28.32,109.72,63.3,3.18
411,Pechora,100,RU,1604462809,87,65.15,57.22,40.93,15.5
412,Meulaboh,100,ID,1604462447,74,4.14,96.13,82.0,1.25
413,Barranca,19,PE,1604462809,91,-10.75,-77.77,59.83,4.94
414,Taunusstein,1,DE,1604462809,93,50.15,8.15,41.0,2.51
415,Kashan,0,IR,1604462809,30,33.98,51.44,59.85,3.53
416,Lovozero,100,RU,1604462810,88,68.0,35.01,34.95,4.07
417,Mayo,1,US,1604462810,93,38.89,-76.51,48.2,5.06
418,Puerto Madryn,100,AR,1604462810,44,-42.77,-65.04,71.04,20.02
419,Macomer,99,IT,1604462810,100,40.26,8.77,51.8,1.12
420,Yagodnoye,100,RU,1604462810,91,62.55,149.67,4.55,7.05
421,Kumul,0,CN,1604462648,40,42.8,93.45,51.08,6.55
422,Punalūr,20,IN,1604462810,74,9.0,76.93,86.0,1.12
423,Magadan,100,RU,1604462665,93,59.57,150.8,33.67,2.15
424,Inta,100,RU,1604462811,95,66.03,60.17,38.97,23.02
425,Vallenar,41,CL,1604462811,82,-28.57,-70.76,53.35,1.14
426,Disna,23,BY,1604462811,96,55.57,28.2,41.92,3.22
427,Tsimmerbude,0,RU,1604462664,93,54.67,20.13,46.4,4.47
428,Pacific Grove,1,US,1604462480,87,36.62,-121.92,57.0,6.93
429,Grindavik,90,IS,1604462701,100,63.84,-22.43,46.4,27.51
430,Macaé,100,BR,1604462811,92,-22.37,-41.79,64.56,4.21
431,Sobolevo,75,RU,1604462811,87,54.43,31.9,43.25,7.43
432,Tynda,84,RU,1604462812,89,55.17,124.72,13.68,5.44
433,Baykalovo,0,RU,1604462812,89,57.4,63.77,31.75,10.8
434,Nkhotakota,0,MW,1604462812,57,-12.93,34.3,76.59,3.27
435,Maniitsoq,100,GL,1604462649,88,65.42,-52.9,33.66,44.87
436,Qom,47,IR,1604462812,32,34.64,50.88,58.44,3.62
437,Rio Branco,0,BR,1604462812,94,-9.97,-67.81,75.2,2.24
438,Khandyga,99,RU,1604462544,83,62.67,135.6,-3.12,0.34
439,Ürümqi,0,CN,1604462644,33,43.8,87.6,46.4,2.24
440,Richards Bay,36,ZA,1604462444,83,-28.78,32.04,71.46,7.85
441,Santa Rosalía,0,MX,1604462813,51,27.32,-112.28,77.27,3.36
442,San Andrés,75,CO,1604462813,88,12.58,-81.7,78.8,10.29
443,Buala,88,SB,1604462522,67,-8.14,159.59,85.64,6.53
444,Izumo,75,JP,1604462813,44,35.37,132.77,57.2,16.11
445,Bandarbeyla,31,SO,1604462813,79,9.49,50.81,76.15,18.19
446,Okahandja,71,NA,1604462813,48,-21.98,16.92,57.2,0.87
447,Ayan,100,RU,1604462813,86,56.45,138.17,14.29,23.58
448,Santiago de Cuba,75,CU,1604462794,94,20.02,-75.82,75.2,2.24
449,Nuuk,77,GL,1604462693,74,64.18,-51.72,33.8,39.15
450,Kindersley,90,CA,1604462868,34,51.47,-109.17,48.2,9.17
451,Celestún,57,MX,1604462868,77,20.87,-90.4,75.13,14.63
452,Qaqortoq,100,GL,1604462868,80,60.72,-46.03,35.6,16.11
453,Marzuq,0,YE,1604462868,25,14.4,46.47,65.62,1.52
454,Grand-Lahou,0,CI,1604462868,87,5.14,-5.02,77.95,4.79
455,Laas,75,IT,1604462655,87,46.62,10.7,50.0,5.82
456,Flin Flon,100,CA,1604462671,93,54.77,-101.86,35.31,3.15
457,Fomboni,26,KM,1604462869,70,-12.28,43.74,78.57,9.64
458,Viedma,100,AR,1604462869,52,-40.81,-63.0,73.0,5.99
459,Pangnirtung,100,CA,1604462620,82,66.15,-65.71,17.47,6.31
460,Ukiah,1,US,1604462307,31,39.15,-123.21,60.8,3.36
461,Vrangel',0,RU,1604462869,62,42.73,133.08,39.61,20.58
462,Cascais,0,PT,1604462869,83,38.7,-9.42,55.0,23.24
463,Dédougou,7,BF,1604462869,31,12.47,-3.47,77.09,7.07
464,Iquique,90,CL,1604462869,63,-20.22,-70.14,64.4,6.93
465,Hambantota,40,LK,1604462702,83,6.12,81.12,84.2,1.12
466,Vondrozo,37,MG,1604462870,86,-22.82,47.28,64.22,5.37
467,San Quintín,92,MX,1604462619,2,30.48,-115.95,51.01,5.01
468,Il’inskiy,90,RU,1604462870,93,55.62,38.12,46.4,4.47
469,Marawi,66,PH,1604462626,73,8.0,124.29,86.0,5.99
470,Miyazu,40,JP,1604462870,62,35.53,135.18,53.6,6.93
471,Lafia,73,NG,1604462870,60,8.48,8.52,73.74,1.1
472,Antofagasta,90,CL,1604462412,77,-23.65,-70.4,59.0,4.7
473,Erenhot,0,CN,1604462870,48,43.65,111.98,44.8,16.49
474,Kiama,78,AU,1604462870,61,-34.68,150.87,79.0,4.0
475,Santoña,0,ES,1604462870,93,43.44,-3.46,50.0,4.7
476,Krasnosel'kup,100,RU,1604462629,95,65.7,82.47,8.13,6.49
477,Nizhniy Ingash,100,RU,1604462871,94,56.2,96.53,29.08,10.71
478,Muisne,100,EC,1604462871,82,0.6,-80.03,74.08,8.72
479,Imeni Zhelyabova,68,RU,1604462871,95,58.95,36.6,42.3,6.24
480,Polis,40,CY,1604462871,82,35.04,32.43,62.6,8.05
481,Rome,40,US,1604462577,69,43.21,-75.46,33.8,5.82
482,The Village,1,US,1604462871,39,35.56,-97.55,64.0,14.99
483,Bethanien,0,NA,1604462871,49,-26.5,17.16,57.63,4.07
484,Wuzhou,89,CN,1604462871,50,23.48,111.32,74.46,4.23
485,Maple Creek,26,CA,1604462647,18,49.92,-109.48,64.4,18.34
486,La Ronge,100,CA,1604462585,80,55.1,-105.28,39.2,0.92
487,Shelburne,3,CA,1604462872,76,44.08,-80.2,37.99,13.13
488,Rinteln,20,DE,1604462872,81,52.19,9.08,44.6,11.41
489,Huaiyuan,38,CN,1604462872,29,32.97,117.2,62.47,10.2
490,Tepeapulco,5,MX,1604462872,54,19.78,-98.55,57.2,13.87
491,São Luiz Gonzaga,0,BR,1604462872,76,-28.41,-54.96,58.01,11.72
492,Grand Gaube,43,MU,1604462650,81,-20.01,57.66,69.01,5.01
493,Teya,100,RU,1604462671,93,60.38,92.63,20.79,8.41
494,San Policarpo,100,PH,1604462872,78,12.18,125.51,82.63,8.93
495,Westport,90,US,1604462594,55,41.14,-73.36,41.0,5.82
496,Omboué,72,GA,1604462587,91,-1.57,9.26,76.59,5.64
497,Wewak,97,PG,1604462873,69,-3.55,143.63,86.22,5.73
498,Strezhevoy,0,RU,1604462693,86,60.73,77.59,26.6,13.42
499,Potsdam,87,DE,1604462653,82,52.4,13.07,48.0,1.01
500,Paluan,87,PH,1604462928,71,13.42,120.46,84.69,7.2
501,Krasnyy Chikoy,19,RU,1604462928,88,50.36,108.75,31.59,1.72
502,Iralaya,100,HN,1604462928,86,15.0,-83.23,79.21,23.38
503,Taku,0,CN,1604462828,30,39.02,117.65,57.2,8.95
504,Puerto El Triunfo,40,SV,1604462928,65,13.28,-88.55,78.8,4.7
505,Charters Towers,0,AU,1604462758,23,-20.1,146.27,90.79,10.54
506,São José da Coroa Grande,26,BR,1604462691,82,-8.9,-35.15,77.09,8.84
507,Mehamn,27,NO,1604462603,71,71.04,27.85,40.55,17.74
508,Saint-Joseph,0,RE,1604462654,50,-21.37,55.62,75.2,11.41
509,Batticaloa,19,LK,1604462766,65,7.71,81.69,84.6,3.6
510,Lockport,1,US,1604462864,62,41.59,-88.06,57.2,9.17
511,Bachaquero,100,VE,1604462929,86,9.97,-71.15,78.91,1.72
512,Yar-Sale,99,RU,1604462430,98,66.83,70.83,24.06,3.13
513,Düzce,96,TR,1604462929,72,40.84,31.16,50.74,0.81
514,Shirokiy,0,RU,1604462929,85,49.76,129.52,26.06,13.58
515,Namatanai,79,PG,1604462663,67,-3.67,152.43,86.65,5.19
516,Bubaque,1,GW,1604462904,76,11.28,-15.83,83.3,12.97
517,Taltal,34,CL,1604462461,77,-25.4,-70.48,56.01,1.63
518,Aitape,94,PG,1604462634,74,-3.14,142.35,86.05,7.45
519,Staroye Drozhzhanoye,8,RU,1604462930,83,54.73,47.57,37.9,2.84
520,Santa Fe,0,AR,1604462665,58,-31.63,-60.7,68.0,1.99
521,Trairi,100,BR,1604462930,79,-3.28,-39.27,79.56,9.28
522,São Miguel do Tapuio,100,BR,1604462930,87,-5.5,-41.32,75.0,2.04
523,Manaquiri,0,BR,1604462930,74,-3.32,-60.35,84.2,2.57
524,Olinda,75,BR,1604462668,78,-8.01,-34.86,80.6,8.05
525,Barcelos,0,PT,1604462930,76,41.54,-8.62,48.2,8.05
526,Newport,0,GB,1604462931,91,51.59,-3.0,36.0,6.04
527,Narrabri,0,AU,1604462931,23,-30.32,149.78,86.0,8.05
528,Mitsamiouli,5,KM,1604462931,72,-11.38,43.28,77.5,8.86
529,Goma,74,CD,1604462931,70,-1.68,29.22,63.03,2.62
530,Ambilobe,2,MG,1604462931,61,-13.2,49.05,77.27,5.97
531,Dwārka,0,IN,1604462931,42,22.24,68.97,82.56,7.74
532,Oistins,40,BB,1604462931,74,13.07,-59.53,80.6,18.34
533,Kasangulu,40,CD,1604462931,83,-4.59,15.17,78.8,0.96
534,Kiryat Gat,20,IL,1604462931,72,31.61,34.76,66.2,5.82
535,Bosaso,5,SO,1604462931,61,11.28,49.18,77.52,4.36
536,Guozhen,99,CN,1604462932,37,34.37,107.36,62.17,2.51
537,Ishige,20,JP,1604462890,27,36.12,139.97,68.0,10.29
538,Pochutla,71,MX,1604462680,85,15.74,-96.47,78.01,3.67
539,Copiapó,21,CL,1604462932,76,-27.37,-70.33,57.2,6.93
540,Laredo,1,US,1604462706,59,27.51,-99.51,66.2,11.41
541,Arman',100,RU,1604462586,93,59.7,150.17,33.44,4.05
542,Port Hardy,90,CA,1604462932,93,50.7,-127.42,50.0,2.24
543,Garissa,21,KE,1604462932,74,-0.45,39.64,77.13,10.76
544,Venice,20,US,1604462932,77,27.1,-82.45,68.0,8.05
545,Coyhaique,0,CL,1604462663,66,-45.58,-72.07,53.6,4.7
546,Dunedin,4,NZ,1604462671,83,-45.87,170.5,57.0,18.99
547,Marsh Harbour,52,BS,1604462933,69,26.54,-77.06,74.23,23.04
548,Urucará,63,BR,1604462933,61,-2.54,-57.76,82.24,0.58
549,Kochubey,5,RU,1604462933,58,44.39,46.58,48.79,5.08
550,Cuamba,1,MZ,1604462988,55,-14.8,36.54,73.99,7.2
551,Clyde River,40,CA,1604462594,77,70.47,-68.59,6.8,19.46
552,Lingao,62,CN,1604462988,74,19.91,109.69,76.01,13.29
553,Vardø,0,NO,1604462675,68,70.37,31.11,37.4,16.11
554,Vestmanna,90,FO,1604462988,65,62.16,-7.17,44.6,13.87
555,Port-Gentil,33,GA,1604462988,82,-0.72,8.78,79.36,9.4
556,Batagay-Alyta,27,RU,1604462612,91,67.8,130.41,-1.48,1.23
557,Qasigiannguit,100,GL,1604462989,86,68.82,-51.19,33.8,16.11
558,Alihe,100,CN,1604462989,73,50.57,123.72,26.69,5.7
559,Port Moresby,40,PG,1604462989,62,-9.44,147.18,87.8,11.41
560,Lüderitz,8,NA,1604462586,95,-26.65,15.16,57.52,6.82
561,Hofn,100,IS,1604462989,63,64.25,-15.21,43.34,6.82
562,Tefé,56,BR,1604462989,93,-3.35,-64.71,74.97,2.46
